,mean,std
Surf_res,403.6374206542969,123.31524658203125
Soil_res,215.62692260742188,81.19902801513672
Yld,243.1330108642578,136.78741455078125
TSOC,0.021427247673273087,0.04684503376483917
